Duration (s),Method,Test-ID,Client,Server,Port,Cycle Time (ns),Datagram Size (B),QoS,Stress,Intensity,Location,Status,Losses [total],Losses [ratio](%),Losses [location],Pakets [total],PPS [udp],PPS [ip],Bandwidth [net](Mbps),Bandwidth [gross](Mbps),Timer Misses,Remarks
7199.558439,CUSTOM,315426_154043_231023,10.0.0.1,10.0.0.2,8120,2500,80,False,NONE,0,BOTH,SUCCESS,0,0.0,,934268352,129767,129767,83.05088,126.652592,1945564365,Server data missing.
606.388265,CUSTOM,306381_174055_231023,10.0.0.1,10.0.0.2,8120,2500,8900,False,NONE,0,BOTH,SUCCESS,75,1.2135922133722942e-06,Server [NO DATA]  Route (Switch),61800001,101914,101914,7256.2768,7290.519904,180755836,Server data missing.
7199.345263,CUSTOM,225108_175116_231023,10.0.0.1,10.0.0.2,8120,10000,8900,False,NONE,0,BOTH,SUCCESS,0,0.0,,679174287,94338,94338,6716.8656,6748.563168,40767030,Server data missing.
288.518824,CUSTOM,553623_195128_231023,10.0.0.1,10.0.0.2,8120,2500,65000,False,NONE,0,BOTH,SUCCESS,4995233,0.99904640019072,Server [NO DATA]  Route (Switch),5000001,17329,138632,9011.08,9049.89696,110407386,Server data missing.
7199.414105,CUSTOM,732324_195630_231023,10.0.0.1,10.0.0.2,8120,60000,65000,False,NONE,0,BOTH,SUCCESS,0,0.0,,119970802,16663,133304,8664.76,8702.08512,20632,Server data missing.
