Duration (s),Method,Test-ID,Client,Server,Port,Cycle Time (ns),Datagram Size (B),QoS,Stress,Intensity,Location,Status,Losses [total],Losses [ratio](%),Losses [location],Pakets [total],PPS [udp],PPS [ip],Bandwidth [net](Mbps),Bandwidth [gross](Mbps),Timer Misses,Remarks
7199.99114,CUSTOM,857967_062813_311023,10.1.0.1,10.1.0.2,8120,2500,80,False,NONE,0,SERVER,SUCCESS,0,0.0,,1094343043,151992,151992,97.27488,148.344192,1785664355,Server data missing.
7199.008451,CUSTOM,832688_131829_311023,10.1.0.1,10.1.0.2,8120,2500,80,False,NONE,0,CLIENT,SUCCESS,0,0.0,,1107602959,153854,153854,98.46656,150.161504,1772011497,Server data missing.
7199.961303,CUSTOM,974524_151842_311023,10.1.0.1,10.1.0.2,8120,2500,8900,False,NONE,0,CLIENT,SUCCESS,0,0.0,,850431072,118116,118116,8409.8592,8449.546176,2029561953,Server data missing.
7199.962432,CUSTOM,155162_082827_311023,10.1.0.1,10.1.0.2,8120,2500,8900,False,NONE,0,SERVER,SUCCESS,0,0.0,,762955032,105966,105966,7544.7792,7580.383776,2117037569,Server data missing.
7199.965012,CUSTOM,749337_171855_311023,10.1.0.1,10.1.0.2,8120,2500,65000,False,NONE,0,CLIENT,SUCCESS,0,0.0,,109464759,15203,121624,7905.56,7939.61472,-1524444957,Server data missing.
7199.967647,CUSTOM,239146_102840_311023,10.1.0.1,10.1.0.2,8120,2500,65000,False,NONE,0,SERVER,SUCCESS,0,0.0,,123225516,17114,136912,8899.28,8937.61536,-1538204522,Server data missing.
