Duration (s),Method,Test-ID,Client,Server,Port,Cycle Time (ns),Datagram Size (B),QoS,Stress,Intensity,Location,Status,Losses [total],Losses [ratio](%),Losses [location],Pakets [total],PPS [udp],PPS [ip],Bandwidth [net](Mbps),Bandwidth [gross](Mbps),Timer Misses,Remarks
1199.26054,CUSTOM,782808_112226_201123,10.1.0.50,10.1.0.51,8100,2500,65000,False,NONE,0.0,BOTH,SUCCESS,0,0.0,,22895497,19091,152728,9927.32,9970.08384,456808719
1199.257682,CUSTOM,782808_112226_201123,10.4.0.50,10.4.0.51,8400,2500,65000,False,NONE,0.0,BOTH,SUCCESS,0,0.0,,22895764,19091,152728,9927.32,9970.08384,456807308
1199.259888,CUSTOM,782808_112226_201123,10.1.1.50,10.1.1.51,8110,2500,65000,False,NONE,0.0,BOTH,SUCCESS,0,0.0,,22895496,19091,152728,9927.32,9970.08384,456808459
1199.256519,CUSTOM,782808_112226_201123,10.4.1.50,10.4.1.51,8410,2500,65000,False,NONE,0.0,BOTH,SUCCESS,0,0.0,,22895736,19091,152728,9927.32,9970.08384,456806871
1199.258319,CUSTOM,782808_112226_201123,10.2.0.50,10.2.0.51,8200,2500,65000,False,NONE,0.0,BOTH,SUCCESS,0,0.0,,22895723,19091,152728,9927.32,9970.08384,456807604
