Duration (s),Method,Test-ID,Client,Server,Port,Cycle Time (ns),Datagram Size (B),QoS,Stress,Intensity,Location,Status,Losses [total],Losses [ratio](%),Losses [location],Pakets [total],PPS [udp],PPS [ip],Bandwidth [net](Mbps),Bandwidth [gross](Mbps),Timer Misses,Remarks
7199.621727,CUSTOM,360283_121446_241023,10.0.0.1,10.0.0.2,8120,2500,80,False,NONE,0.0,BOTH,SUCCESS,0,0.0,,837091139,116268,116268,74.41152,113.477568,2042765921,Server data missing.
7199.299943,CUSTOM,837965_141502_241023,10.0.0.1,10.0.0.2,8120,2500,8900,False,NONE,0.0,BOTH,SUCCESS,0,0.0,,641224726,89067,89067,6341.5704,6371.496912,-2056465633,Server data missing.
3693.933662,CUSTOM,217487_161516_241023,10.0.0.1,10.0.0.2,8120,2500,65000,False,NONE,0.0,BOTH,SUCCESS,29842,0.0005319429495197335,Server [NO DATA]  Route (Switch),56100001,15187,121496,7897.24,7931.25888,1421473913,Server data missing.
328.93395,CUSTOM,427116_171703_241023,10.0.0.1,10.0.0.2,8120,60000,65000,False,NONE,0.0,BOTH,SUCCESS,227683,0.04553659089268182,Server [NO DATA]  Route (Switch),5000001,15200,121600,7904.0,7938.048,482276,Server data missing.
7199.039268,CUSTOM,707965_172245_241023,10.0.0.1,10.0.0.2,8120,70000,65000,False,NONE,0.0,BOTH,SUCCESS,0,0.0,,102835704,14284,114272,7427.68,7459.67616,8742,Server data missing.
