Duration (s),Method,Test-ID,Client,Server,Port,Cycle Time (ns),Datagram Size (B),QoS,Stress,Intensity,Location,Status,Losses [total],Losses [ratio](%),Losses [location],Pakets [total],PPS [udp],PPS [ip],Bandwidth [net](Mbps),Bandwidth [gross](Mbps),Timer Misses,Remarks
1199.739711,CUSTOM,800648_105930_201123,10.4.0.50,10.4.0.51,8400,2500,65000,False,NONE,0.0,BOTH,SUCCESS,0,0.0,,22617063,18851,150808,9802.52,9844.74624,457278821
1199.746771,CUSTOM,800648_105930_201123,10.1.0.50,10.1.0.51,8100,2500,65000,False,NONE,0.0,BOTH,SUCCESS,0,0.0,,22489868,18745,149960,9747.4,9789.3888,457408840
1199.739026,CUSTOM,800648_105930_201123,10.4.1.50,10.4.1.51,8410,2500,65000,False,NONE,0.0,BOTH,SUCCESS,0,0.0,,22613636,18848,150784,9800.96,9843.17952,457281974
1199.746343,CUSTOM,800648_105930_201123,10.1.1.50,10.1.1.51,8110,2500,65000,False,NONE,0.0,BOTH,SUCCESS,0,0.0,,22502133,18755,150040,9752.6,9794.6112,457396404
1199.743848,CUSTOM,800648_105930_201123,10.2.1.50,10.2.1.51,8210,2500,65000,False,NONE,0.0,BOTH,SUCCESS,0,0.0,,22504607,18757,150056,9753.64,9795.65568,457392932
1199.745044,CUSTOM,800648_105930_201123,10.2.0.50,10.2.0.51,8200,2500,65000,False,NONE,0.0,BOTH,SUCCESS,0,0.0,,22497599,18751,150008,9750.52,9792.52224,457400418
